participantID,initial_prompt_date,answer_status,x01_sad,x02_happy,x03_fatigued,x04_energetic,x05_relaxed,x06_tense,x07_stressed,x08_frustrated,x09_nervous,x10_focused,x11_resist,x12_procrastinate,x13_done,x14_routine,x15_sick,x16_missed,x17_traveled
grumblystiffnessuntainted,2021-01-22,Completed,2.0,2.0,2.0,2.0,3.0,2.0,3.0,1.0,2.0,2.0,2.0,2.0,2.0,3.0,3.0,-1.0,0.0
grumblystiffnessuntainted,2021-01-23,NeverStarted,-1.0,-1.0,-1.0,-1.0,-1.0,-1.0,-1.0,-1.0,-1.0,-1.0,-1.0,-1.0,-1.0,-1.0,-1.0,-1.0,-1.0
grumblystiffnessuntainted,2021-01-24,Completed,4.0,3.0,2.0,2.0,2.0,3.0,3.0,3.0,2.0,2.0,1.0,2.0,3.0,2.0,2.0,-1.0,0.0
grumblystiffnessuntainted,2021-01-25,Completed,2.0,2.0,2.0,2.0,2.0,2.0,2.0,2.0,2.0,3.0,2.0,2.0,2.0,2.0,2.0,-1.0,0.0
grumblystiffnessuntainted,2021-01-26,Completed,3.0,2.0,2.0,2.0,2.0,2.0,2.0,2.0,2.0,2.0,1.0,2.0,2.0,1.0,2.0,2.0,0.0
grumblystiffnessuntainted,2021-01-26,Completed,3.0,2.0,4.0,1.0,2.0,2.0,3.0,2.0,2.0,2.0,2.0,4.0,4.0,2.0,2.0,-1.0,0.0
grumblystiffnessuntainted,2021-01-27,NeverStarted,-1.0,-1.0,-1.0,-1.0,-1.0,-1.0,-1.0,-1.0,-1.0,-1.0,-1.0,-1.0,-1.0,-1.0,-1.0,-1.0,-1.0
grumblystiffnessuntainted,2021-01-28,Completed,2.0,3.0,2.0,2.0,2.0,2.0,2.0,2.0,2.0,3.0,4.0,1.0,1.0,2.0,2.0,2.0,0.0
grumblystiffnessuntainted,2021-01-28,Completed,2.0,2.0,2.0,2.0,2.0,2.0,2.0,2.0,1.0,3.0,3.0,1.0,2.0,3.0,2.0,-1.0,0.0
grumblystiffnessuntainted,2021-01-29,NeverStarted,-1.0,-1.0,-1.0,-1.0,-1.0,-1.0,-1.0,-1.0,-1.0,-1.0,-1.0,-1.0,-1.0,-1.0,-1.0,-1.0,-1.0
grumblystiffnessuntainted,2021-01-30,Completed,2.0,3.0,4.0,2.0,3.0,1.0,2.0,2.0,1.0,3.0,2.0,2.0,1.0,3.0,2.0,-1.0,0.0
grumblystiffnessuntainted,2021-01-31,Completed,2.0,3.0,2.0,2.0,4.0,1.0,2.0,2.0,1.0,3.0,2.0,2.0,2.0,2.0,2.0,-1.0,0.0
grumblystiffnessuntainted,2021-02-01,Completed,2.0,2.0,3.0,2.0,2.0,2.0,2.0,2.0,2.0,3.0,2.0,2.0,2.0,2.0,2.0,-1.0,0.0
grumblystiffnessuntainted,2021-02-02,Completed,4.0,2.0,3.0,2.0,3.0,2.0,2.0,2.0,2.0,3.0,3.0,2.0,2.0,2.0,1.0,2.0,0.0
grumblystiffnessuntainted,2021-02-03,Completed,4.0,2.0,3.0,2.0,3.0,2.0,4.0,2.0,2.0,2.0,1.0,3.0,3.0,2.0,2.0,-1.0,0.0
grumblystiffnessuntainted,2021-02-04,Completed,4.0,2.0,5.0,2.0,2.0,2.0,4.0,2.0,2.0,2.0,1.0,3.0,4.0,1.0,3.0,1.0,0.0
grumblystiffnessuntainted,2021-02-04,Completed,5.0,2.0,4.0,2.0,2.0,4.0,5.0,5.0,-1.0,2.0,2.0,2.0,3.0,1.0,3.0,-1.0,0.0
grumblystiffnessuntainted,2021-02-05,NeverStarted,-1.0,-1.0,-1.0,-1.0,-1.0,-1.0,-1.0,-1.0,-1.0,-1.0,-1.0,-1.0,-1.0,-1.0,-1.0,-1.0,-1.0
grumblystiffnessuntainted,2021-02-06,Completed,4.0,2.0,4.0,2.0,3.0,2.0,3.0,3.0,2.0,2.0,2.0,2.0,2.0,3.0,3.0,1.0,0.0
grumblystiffnessuntainted,2021-02-07,Completed,4.0,4.0,4.0,2.0,3.0,2.0,2.0,4.0,3.0,2.0,1.0,2.0,3.0,2.0,3.0,-1.0,0.0
grumblystiffnessuntainted,2021-02-07,Completed,3.0,2.0,3.0,2.0,2.0,3.0,3.0,3.0,2.0,3.0,3.0,3.0,2.0,3.0,2.0,-1.0,0.0
grumblystiffnessuntainted,2021-02-08,NeverStarted,-1.0,-1.0,-1.0,-1.0,-1.0,-1.0,-1.0,-1.0,-1.0,-1.0,-1.0,-1.0,-1.0,-1.0,-1.0,-1.0,-1.0
grumblystiffnessuntainted,2021-02-09,Completed,3.0,3.0,4.0,3.0,3.0,2.0,4.0,3.0,3.0,2.0,2.0,3.0,2.0,2.0,2.0,2.0,0.0
grumblystiffnessuntainted,2021-02-10,Completed,4.0,2.0,5.0,2.0,3.0,2.0,4.0,2.0,3.0,3.0,2.0,3.0,2.0,2.0,3.0,-1.0,0.0
grumblystiffnessuntainted,2021-02-10,NeverStarted,-1.0,-1.0,-1.0,-1.0,-1.0,-1.0,-1.0,-1.0,-1.0,-1.0,-1.0,-1.0,-1.0,-1.0,-1.0,-1.0,-1.0
grumblystiffnessuntainted,2021-02-11,Completed,4.0,2.0,2.0,2.0,2.0,2.0,2.0,2.0,4.0,3.0,2.0,3.0,3.0,3.0,2.0,-1.0,0.0
grumblystiffnessuntainted,2021-02-12,Completed,4.0,3.0,4.0,2.0,3.0,3.0,3.0,2.0,3.0,3.0,2.0,3.0,3.0,2.0,3.0,2.0,0.0
grumblystiffnessuntainted,2021-02-13,Completed,3.0,2.0,3.0,3.0,2.0,2.0,2.0,2.0,2.0,3.0,4.0,2.0,2.0,2.0,3.0,-1.0,0.0
grumblystiffnessuntainted,2021-02-14,NeverStarted,-1.0,-1.0,-1.0,-1.0,-1.0,-1.0,-1.0,-1.0,-1.0,-1.0,-1.0,-1.0,-1.0,-1.0,-1.0,-1.0,-1.0
grumblystiffnessuntainted,2021-02-15,Completed,3.0,2.0,4.0,1.0,2.0,2.0,3.0,2.0,2.0,2.0,2.0,3.0,2.0,3.0,3.0,-1.0,0.0
grumblystiffnessuntainted,2021-02-16,Completed,4.0,2.0,3.0,2.0,3.0,3.0,2.0,3.0,2.0,3.0,1.0,3.0,3.0,2.0,3.0,-1.0,0.0
grumblystiffnessuntainted,2021-02-17,Completed,4.0,2.0,5.0,2.0,2.0,3.0,4.0,3.0,2.0,3.0,1.0,4.0,2.0,2.0,3.0,2.0,0.0
grumblystiffnessuntainted,2021-02-18,NeverStarted,-1.0,-1.0,-1.0,-1.0,-1.0,-1.0,-1.0,-1.0,-1.0,-1.0,-1.0,-1.0,-1.0,-1.0,-1.0,-1.0,-1.0
grumblystiffnessuntainted,2021-02-19,NeverStarted,-1.0,-1.0,-1.0,-1.0,-1.0,-1.0,-1.0,-1.0,-1.0,-1.0,-1.0,-1.0,-1.0,-1.0,-1.0,-1.0,-1.0
grumblystiffnessuntainted,2021-02-20,Completed,4.0,2.0,4.0,3.0,3.0,3.0,2.0,2.0,2.0,2.0,4.0,2.0,2.0,3.0,2.0,-1.0,0.0
grumblystiffnessuntainted,2021-02-21,NeverStarted,-1.0,-1.0,-1.0,-1.0,-1.0,-1.0,-1.0,-1.0,-1.0,-1.0,-1.0,-1.0,-1.0,-1.0,-1.0,-1.0,-1.0
grumblystiffnessuntainted,2021-02-22,Completed,4.0,3.0,4.0,3.0,3.0,1.0,2.0,2.0,2.0,3.0,2.0,2.0,2.0,2.0,2.0,2.0,0.0
grumblystiffnessuntainted,2021-02-23,NeverStarted,-1.0,-1.0,-1.0,-1.0,-1.0,-1.0,-1.0,-1.0,-1.0,-1.0,-1.0,-1.0,-1.0,-1.0,-1.0,-1.0,-1.0
grumblystiffnessuntainted,2021-02-24,Completed,3.0,2.0,3.0,2.0,3.0,1.0,2.0,2.0,2.0,4.0,-1.0,2.0,1.0,3.0,2.0,2.0,0.0
grumblystiffnessuntainted,2021-02-25,Completed,2.0,3.0,2.0,3.0,3.0,1.0,1.0,2.0,2.0,4.0,2.0,3.0,1.0,4.0,2.0,-1.0,0.0
grumblystiffnessuntainted,2021-02-26,Completed,2.0,4.0,2.0,4.0,3.0,2.0,2.0,2.0,2.0,2.0,3.0,2.0,2.0,2.0,2.0,2.0,0.0
grumblystiffnessuntainted,2021-02-27,Completed,2.0,2.0,2.0,2.0,3.0,1.0,1.0,2.0,2.0,2.0,2.0,2.0,2.0,2.0,2.0,-1.0,0.0
grumblystiffnessuntainted,2021-02-28,Completed,3.0,3.0,4.0,3.0,3.0,2.0,3.0,3.0,4.0,4.0,3.0,3.0,3.0,4.0,2.0,-1.0,0.0
grumblystiffnessuntainted,2021-03-01,Completed,3.0,3.0,4.0,2.0,3.0,2.0,3.0,2.0,2.0,2.0,3.0,2.0,2.0,3.0,2.0,2.0,0.0
grumblystiffnessuntainted,2021-03-02,Completed,3.0,3.0,4.0,2.0,3.0,2.0,3.0,3.0,2.0,3.0,2.0,2.0,2.0,2.0,2.0,-1.0,0.0
grumblystiffnessuntainted,2021-03-03,Completed,2.0,3.0,4.0,2.0,3.0,2.0,3.0,2.0,3.0,3.0,2.0,3.0,2.0,2.0,2.0,2.0,0.0
grumblystiffnessuntainted,2021-03-04,Completed,2.0,3.0,3.0,2.0,3.0,2.0,2.0,3.0,2.0,3.0,2.0,2.0,2.0,4.0,2.0,-1.0,0.0
grumblystiffnessuntainted,2021-03-05,Completed,3.0,2.0,4.0,2.0,3.0,2.0,2.0,2.0,2.0,3.0,3.0,2.0,2.0,2.0,2.0,1.0,0.0
grumblystiffnessuntainted,2021-03-06,Completed,3.0,2.0,2.0,2.0,3.0,2.0,2.0,2.0,2.0,3.0,2.0,2.0,2.0,4.0,1.0,-1.0,0.0
grumblystiffnessuntainted,2021-03-07,Completed,3.0,3.0,2.0,2.0,3.0,2.0,2.0,2.0,2.0,2.0,2.0,3.0,1.0,3.0,3.0,-1.0,0.0
grumblystiffnessuntainted,2021-03-08,NeverStarted,-1.0,-1.0,-1.0,-1.0,-1.0,-1.0,-1.0,-1.0,-1.0,-1.0,-1.0,-1.0,-1.0,-1.0,-1.0,-1.0,-1.0
grumblystiffnessuntainted,2021-03-09,Completed,4.0,2.0,3.0,2.0,3.0,2.0,3.0,2.0,2.0,3.0,2.0,2.0,2.0,3.0,1.0,1.0,0.0
grumblystiffnessuntainted,2021-03-10,Completed,3.0,2.0,3.0,2.0,2.0,3.0,3.0,4.0,2.0,2.0,2.0,3.0,2.0,3.0,3.0,-1.0,0.0
grumblystiffnessuntainted,2021-03-10,Completed,2.0,3.0,5.0,2.0,3.0,2.0,2.0,2.0,2.0,3.0,3.0,2.0,2.0,4.0,2.0,2.0,0.0
grumblystiffnessuntainted,2021-03-11,NeverStarted,-1.0,-1.0,-1.0,-1.0,-1.0,-1.0,-1.0,-1.0,-1.0,-1.0,-1.0,-1.0,-1.0,-1.0,-1.0,-1.0,-1.0
grumblystiffnessuntainted,2021-03-12,Completed,4.0,2.0,3.0,3.0,2.0,2.0,3.0,3.0,2.0,3.0,3.0,2.0,1.0,3.0,2.0,-1.0,0.0
grumblystiffnessuntainted,2021-03-13,Completed,3.0,4.0,3.0,3.0,3.0,1.0,1.0,1.0,2.0,3.0,3.0,2.0,1.0,3.0,2.0,2.0,0.0
grumblystiffnessuntainted,2021-03-14,Completed,3.0,3.0,3.0,3.0,3.0,2.0,3.0,3.0,2.0,3.0,2.0,2.0,1.0,4.0,2.0,-1.0,0.0
grumblystiffnessuntainted,2021-03-15,Completed,4.0,2.0,3.0,2.0,3.0,3.0,3.0,2.0,2.0,3.0,2.0,3.0,2.0,3.0,3.0,-1.0,0.0
grumblystiffnessuntainted,2021-03-16,Completed,3.0,2.0,3.0,2.0,2.0,2.0,2.0,2.0,3.0,2.0,2.0,2.0,2.0,2.0,3.0,1.0,0.0
grumblystiffnessuntainted,2021-03-17,Completed,3.0,3.0,2.0,2.0,2.0,2.0,2.0,2.0,3.0,3.0,2.0,3.0,2.0,2.0,3.0,-1.0,0.0
grumblystiffnessuntainted,2021-03-18,Completed,3.0,2.0,3.0,2.0,3.0,2.0,2.0,2.0,1.0,3.0,3.0,2.0,3.0,2.0,3.0,2.0,0.0
grumblystiffnessuntainted,2021-03-19,Completed,4.0,2.0,3.0,2.0,2.0,2.0,2.0,2.0,2.0,2.0,2.0,3.0,2.0,2.0,2.0,2.0,0.0
grumblystiffnessuntainted,2021-03-19,Completed,3.0,3.0,3.0,2.0,3.0,2.0,2.0,2.0,2.0,4.0,2.0,2.0,1.0,2.0,3.0,-1.0,0.0
grumblystiffnessuntainted,2021-03-20,NeverStarted,-1.0,-1.0,-1.0,-1.0,-1.0,-1.0,-1.0,-1.0,-1.0,-1.0,-1.0,-1.0,-1.0,-1.0,-1.0,-1.0,-1.0
grumblystiffnessuntainted,2021-03-21,NeverStarted,-1.0,-1.0,-1.0,-1.0,-1.0,-1.0,-1.0,-1.0,-1.0,-1.0,-1.0,-1.0,-1.0,-1.0,-1.0,-1.0,-1.0
grumblystiffnessuntainted,2021-03-22,NeverStarted,-1.0,-1.0,-1.0,-1.0,-1.0,-1.0,-1.0,-1.0,-1.0,-1.0,-1.0,-1.0,-1.0,-1.0,-1.0,-1.0,-1.0
grumblystiffnessuntainted,2021-03-23,Completed,3.0,3.0,4.0,2.0,3.0,2.0,3.0,2.0,3.0,2.0,2.0,3.0,2.0,3.0,2.0,-1.0,0.0
grumblystiffnessuntainted,2021-03-24,NeverStarted,-1.0,-1.0,-1.0,-1.0,-1.0,-1.0,-1.0,-1.0,-1.0,-1.0,-1.0,-1.0,-1.0,-1.0,-1.0,-1.0,-1.0
grumblystiffnessuntainted,2021-03-25,Completed,3.0,3.0,4.0,2.0,3.0,2.0,3.0,2.0,2.0,3.0,2.0,3.0,2.0,2.0,2.0,2.0,0.0
grumblystiffnessuntainted,2021-03-26,Completed,4.0,2.0,3.0,2.0,3.0,2.0,2.0,2.0,2.0,3.0,2.0,2.0,2.0,3.0,2.0,2.0,0.0
grumblystiffnessuntainted,2021-03-27,Completed,3.0,2.0,3.0,2.0,3.0,2.0,1.0,1.0,1.0,4.0,4.0,2.0,2.0,4.0,2.0,-1.0,0.0
grumblystiffnessuntainted,2021-03-28,Completed,3.0,2.0,3.0,2.0,3.0,2.0,3.0,2.0,2.0,3.0,2.0,3.0,2.0,2.0,2.0,-1.0,0.0
grumblystiffnessuntainted,2021-03-29,Completed,4.0,2.0,3.0,2.0,3.0,1.0,1.0,2.0,2.0,2.0,3.0,2.0,2.0,3.0,2.0,-1.0,0.0
grumblystiffnessuntainted,2021-03-30,Completed,3.0,2.0,2.0,2.0,3.0,2.0,2.0,2.0,2.0,2.0,2.0,2.0,2.0,4.0,2.0,-1.0,0.0
grumblystiffnessuntainted,2021-03-31,NeverStarted,-1.0,-1.0,-1.0,-1.0,-1.0,-1.0,-1.0,-1.0,-1.0,-1.0,-1.0,-1.0,-1.0,-1.0,-1.0,-1.0,-1.0
grumblystiffnessuntainted,2021-04-01,Completed,3.0,2.0,2.0,2.0,3.0,3.0,3.0,3.0,3.0,3.0,3.0,2.0,2.0,2.0,2.0,-1.0,0.0
grumblystiffnessuntainted,2021-04-02,Completed,4.0,2.0,4.0,3.0,3.0,2.0,3.0,4.0,2.0,3.0,1.0,2.0,2.0,2.0,2.0,-1.0,0.0
grumblystiffnessuntainted,2021-04-03,Completed,4.0,3.0,3.0,3.0,3.0,2.0,3.0,2.0,2.0,4.0,2.0,2.0,2.0,2.0,2.0,-1.0,0.0
grumblystiffnessuntainted,2021-04-04,Completed,4.0,2.0,5.0,1.0,2.0,2.0,2.0,2.0,2.0,2.0,2.0,2.0,2.0,2.0,3.0,-1.0,0.0
grumblystiffnessuntainted,2021-04-05,Completed,4.0,3.0,4.0,2.0,3.0,1.0,1.0,1.0,1.0,3.0,1.0,2.0,2.0,3.0,2.0,-1.0,0.0
grumblystiffnessuntainted,2021-04-06,Completed,3.0,2.0,4.0,3.0,3.0,1.0,3.0,2.0,1.0,3.0,2.0,2.0,2.0,4.0,2.0,2.0,0.0
grumblystiffnessuntainted,2021-04-07,Completed,4.0,2.0,3.0,2.0,3.0,2.0,2.0,2.0,2.0,4.0,3.0,3.0,2.0,3.0,2.0,-1.0,0.0
grumblystiffnessuntainted,2021-04-08,NeverStarted,-1.0,-1.0,-1.0,-1.0,-1.0,-1.0,-1.0,-1.0,-1.0,-1.0,-1.0,-1.0,-1.0,-1.0,-1.0,-1.0,-1.0
grumblystiffnessuntainted,2021-04-09,Completed,4.0,2.0,4.0,2.0,3.0,3.0,3.0,2.0,2.0,1.0,2.0,3.0,3.0,2.0,1.0,-1.0,0.0
grumblystiffnessuntainted,2021-04-10,Completed,4.0,2.0,4.0,2.0,2.0,3.0,2.0,2.0,2.0,3.0,4.0,2.0,2.0,3.0,3.0,1.0,0.0
grumblystiffnessuntainted,2021-04-11,Completed,4.0,2.0,3.0,2.0,3.0,2.0,2.0,2.0,2.0,3.0,1.0,2.0,3.0,2.0,3.0,-1.0,0.0
grumblystiffnessuntainted,2021-04-12,Completed,3.0,3.0,3.0,2.0,3.0,2.0,3.0,2.0,2.0,3.0,3.0,2.0,2.0,3.0,2.0,-1.0,0.0
grumblystiffnessuntainted,2021-04-13,Completed,3.0,3.0,5.0,2.0,3.0,2.0,2.0,2.0,2.0,3.0,3.0,3.0,3.0,2.0,3.0,-1.0,0.0
grumblystiffnessuntainted,2021-04-13,Completed,3.0,2.0,2.0,2.0,2.0,2.0,2.0,2.0,2.0,4.0,3.0,3.0,2.0,3.0,3.0,2.0,0.0
grumblystiffnessuntainted,2021-04-14,NeverStarted,-1.0,-1.0,-1.0,-1.0,-1.0,-1.0,-1.0,-1.0,-1.0,-1.0,-1.0,-1.0,-1.0,-1.0,-1.0,-1.0,-1.0
grumblystiffnessuntainted,2021-04-15,Completed,4.0,2.0,4.0,2.0,2.0,2.0,3.0,2.0,2.0,2.0,1.0,3.0,2.0,2.0,1.0,1.0,0.0
grumblystiffnessuntainted,2021-04-16,Completed,3.0,3.0,4.0,2.0,3.0,2.0,2.0,2.0,1.0,3.0,3.0,3.0,2.0,2.0,2.0,-1.0,0.0
grumblystiffnessuntainted,2021-04-17,Completed,3.0,2.0,3.0,2.0,2.0,2.0,2.0,3.0,2.0,3.0,4.0,2.0,2.0,3.0,2.0,-1.0,0.0
grumblystiffnessuntainted,2021-04-18,Completed,3.0,3.0,3.0,3.0,3.0,1.0,2.0,2.0,2.0,4.0,3.0,3.0,2.0,3.0,2.0,-1.0,0.0
grumblystiffnessuntainted,2021-04-19,Completed,3.0,3.0,5.0,2.0,3.0,3.0,3.0,2.0,2.0,3.0,2.0,3.0,2.0,3.0,2.0,2.0,0.0
grumblystiffnessuntainted,2021-04-19,Completed,3.0,3.0,3.0,2.0,3.0,2.0,2.0,2.0,2.0,3.0,3.0,3.0,2.0,3.0,2.0,-1.0,0.0
grumblystiffnessuntainted,2021-04-20,Completed,3.0,2.0,4.0,2.0,3.0,2.0,3.0,3.0,2.0,2.0,2.0,3.0,2.0,3.0,2.0,-1.0,0.0
grumblystiffnessuntainted,2021-04-21,Completed,3.0,3.0,4.0,2.0,3.0,2.0,2.0,2.0,2.0,3.0,2.0,2.0,2.0,3.0,2.0,2.0,0.0
grumblystiffnessuntainted,2021-04-22,NeverStarted,-1.0,-1.0,-1.0,-1.0,-1.0,-1.0,-1.0,-1.0,-1.0,-1.0,-1.0,-1.0,-1.0,-1.0,-1.0,-1.0,-1.0
grumblystiffnessuntainted,2021-04-23,Completed,4.0,2.0,3.0,3.0,3.0,2.0,2.0,3.0,2.0,2.0,2.0,2.0,2.0,3.0,2.0,-1.0,0.0
grumblystiffnessuntainted,2021-04-24,Completed,3.0,3.0,3.0,2.0,2.0,2.0,3.0,2.0,2.0,3.0,3.0,2.0,2.0,3.0,2.0,2.0,0.0
grumblystiffnessuntainted,2021-04-25,Completed,3.0,3.0,2.0,2.0,2.0,2.0,2.0,1.0,1.0,3.0,2.0,2.0,2.0,3.0,2.0,-1.0,0.0
grumblystiffnessuntainted,2021-04-26,Completed,3.0,4.0,3.0,2.0,4.0,2.0,2.0,2.0,2.0,3.0,3.0,3.0,2.0,3.0,2.0,-1.0,0.0
grumblystiffnessuntainted,2021-04-27,Completed,3.0,3.0,3.0,2.0,3.0,3.0,2.0,2.0,2.0,3.0,3.0,3.0,2.0,3.0,2.0,-1.0,0.0
grumblystiffnessuntainted,2021-04-27,Completed,3.0,3.0,4.0,2.0,3.0,2.0,2.0,2.0,2.0,3.0,2.0,2.0,2.0,3.0,3.0,2.0,0.0
grumblystiffnessuntainted,2021-04-28,Completed,3.0,3.0,4.0,2.0,3.0,2.0,3.0,2.0,2.0,3.0,2.0,4.0,2.0,3.0,3.0,2.0,0.0
grumblystiffnessuntainted,2021-04-29,Completed,4.0,2.0,3.0,1.0,3.0,1.0,1.0,2.0,1.0,3.0,2.0,2.0,2.0,3.0,2.0,2.0,0.0
grumblystiffnessuntainted,2021-04-30,Completed,3.0,3.0,3.0,3.0,3.0,2.0,2.0,2.0,2.0,3.0,2.0,2.0,2.0,3.0,2.0,2.0,0.0
grumblystiffnessuntainted,2021-05-01,Completed,3.0,3.0,3.0,3.0,3.0,1.0,3.0,3.0,2.0,3.0,4.0,2.0,2.0,4.0,2.0,-1.0,0.0
grumblystiffnessuntainted,2021-05-02,Completed,3.0,4.0,4.0,3.0,3.0,2.0,3.0,2.0,2.0,3.0,4.0,3.0,3.0,3.0,3.0,-1.0,0.0
grumblystiffnessuntainted,2021-05-03,NeverStarted,-1.0,-1.0,-1.0,-1.0,-1.0,-1.0,-1.0,-1.0,-1.0,-1.0,-1.0,-1.0,-1.0,-1.0,-1.0,-1.0,-1.0
grumblystiffnessuntainted,2021-05-04,NeverStarted,-1.0,-1.0,-1.0,-1.0,-1.0,-1.0,-1.0,-1.0,-1.0,-1.0,-1.0,-1.0,-1.0,-1.0,-1.0,-1.0,-1.0
grumblystiffnessuntainted,2021-05-05,Completed,4.0,3.0,4.0,2.0,3.0,2.0,4.0,3.0,2.0,3.0,2.0,3.0,3.0,3.0,3.0,2.0,0.0
grumblystiffnessuntainted,2021-05-06,Completed,4.0,3.0,3.0,3.0,3.0,3.0,3.0,3.0,3.0,2.0,2.0,3.0,3.0,3.0,2.0,-1.0,0.0
grumblystiffnessuntainted,2021-05-07,Completed,4.0,3.0,3.0,3.0,3.0,3.0,3.0,3.0,3.0,3.0,1.0,3.0,2.0,3.0,1.0,-1.0,0.0
grumblystiffnessuntainted,2021-05-08,Completed,3.0,3.0,3.0,3.0,3.0,3.0,3.0,3.0,2.0,3.0,1.0,3.0,2.0,3.0,3.0,-1.0,0.0
grumblystiffnessuntainted,2021-05-09,Completed,3.0,3.0,4.0,3.0,3.0,2.0,3.0,2.0,3.0,4.0,2.0,3.0,3.0,3.0,2.0,-1.0,0.0
grumblystiffnessuntainted,2021-05-10,NeverStarted,-1.0,-1.0,-1.0,-1.0,-1.0,-1.0,-1.0,-1.0,-1.0,-1.0,-1.0,-1.0,-1.0,-1.0,-1.0,-1.0,-1.0
grumblystiffnessuntainted,2021-05-11,Completed,2.0,3.0,3.0,3.0,3.0,2.0,3.0,2.0,2.0,3.0,3.0,3.0,2.0,3.0,2.0,2.0,0.0
grumblystiffnessuntainted,2021-05-12,Completed,3.0,3.0,3.0,3.0,3.0,2.0,2.0,3.0,2.0,3.0,2.0,3.0,2.0,3.0,2.0,-1.0,0.0
grumblystiffnessuntainted,2021-05-13,Completed,2.0,4.0,3.0,2.0,4.0,2.0,3.0,3.0,3.0,3.0,2.0,3.0,3.0,3.0,2.0,2.0,0.0
grumblystiffnessuntainted,2021-05-14,Completed,3.0,4.0,3.0,2.0,3.0,3.0,3.0,2.0,3.0,3.0,2.0,4.0,3.0,3.0,2.0,-1.0,0.0
grumblystiffnessuntainted,2021-05-15,Completed,3.0,4.0,3.0,3.0,3.0,3.0,3.0,3.0,3.0,3.0,3.0,3.0,3.0,3.0,2.0,-1.0,0.0
grumblystiffnessuntainted,2021-05-15,Completed,4.0,3.0,3.0,2.0,3.0,2.0,2.0,2.0,2.0,3.0,3.0,3.0,2.0,3.0,2.0,-1.0,0.0
grumblystiffnessuntainted,2021-05-16,NeverStarted,-1.0,-1.0,-1.0,-1.0,-1.0,-1.0,-1.0,-1.0,-1.0,-1.0,-1.0,-1.0,-1.0,-1.0,-1.0,-1.0,-1.0
grumblystiffnessuntainted,2021-05-17,Completed,3.0,4.0,4.0,3.0,3.0,3.0,3.0,3.0,3.0,3.0,1.0,3.0,3.0,3.0,2.0,-1.0,0.0
grumblystiffnessuntainted,2021-05-17,Completed,3.0,4.0,4.0,2.0,3.0,2.0,2.0,2.0,2.0,2.0,4.0,3.0,2.0,3.0,2.0,2.0,0.0
grumblystiffnessuntainted,2021-05-18,NeverStarted,-1.0,-1.0,-1.0,-1.0,-1.0,-1.0,-1.0,-1.0,-1.0,-1.0,-1.0,-1.0,-1.0,-1.0,-1.0,-1.0,-1.0
grumblystiffnessuntainted,2021-05-19,Completed,2.0,4.0,3.0,3.0,3.0,3.0,2.0,2.0,2.0,2.0,2.0,2.0,2.0,2.0,2.0,-1.0,0.0
grumblystiffnessuntainted,2021-05-20,Completed,3.0,3.0,3.0,2.0,2.0,2.0,2.0,2.0,2.0,3.0,4.0,2.0,2.0,3.0,2.0,2.0,0.0
grumblystiffnessuntainted,2021-05-21,Completed,3.0,2.0,3.0,2.0,2.0,2.0,2.0,2.0,2.0,2.0,2.0,3.0,1.0,2.0,3.0,-1.0,0.0
grumblystiffnessuntainted,2021-05-22,Completed,3.0,4.0,3.0,3.0,3.0,2.0,2.0,3.0,2.0,2.0,3.0,1.0,1.0,3.0,2.0,-1.0,0.0
grumblystiffnessuntainted,2021-05-23,Completed,3.0,3.0,3.0,3.0,3.0,2.0,2.0,2.0,2.0,2.0,2.0,2.0,2.0,4.0,2.0,-1.0,0.0
grumblystiffnessuntainted,2021-05-24,Completed,3.0,4.0,3.0,3.0,4.0,2.0,2.0,2.0,2.0,2.0,3.0,2.0,2.0,3.0,2.0,-1.0,0.0
grumblystiffnessuntainted,2021-05-25,NeverStarted,-1.0,-1.0,-1.0,-1.0,-1.0,-1.0,-1.0,-1.0,-1.0,-1.0,-1.0,-1.0,-1.0,-1.0,-1.0,-1.0,-1.0
grumblystiffnessuntainted,2021-05-26,NeverStarted,-1.0,-1.0,-1.0,-1.0,-1.0,-1.0,-1.0,-1.0,-1.0,-1.0,-1.0,-1.0,-1.0,-1.0,-1.0,-1.0,-1.0
grumblystiffnessuntainted,2021-05-27,Completed,3.0,3.0,5.0,2.0,2.0,3.0,1.0,3.0,2.0,3.0,2.0,3.0,2.0,3.0,2.0,-1.0,0.0
grumblystiffnessuntainted,2021-05-28,Completed,3.0,3.0,4.0,2.0,3.0,2.0,2.0,2.0,2.0,3.0,4.0,1.0,1.0,3.0,2.0,-1.0,0.0
grumblystiffnessuntainted,2021-05-29,NeverStarted,-1.0,-1.0,-1.0,-1.0,-1.0,-1.0,-1.0,-1.0,-1.0,-1.0,-1.0,-1.0,-1.0,-1.0,-1.0,-1.0,-1.0
grumblystiffnessuntainted,2021-05-30,Completed,3.0,4.0,4.0,3.0,3.0,1.0,2.0,2.0,2.0,2.0,1.0,1.0,3.0,3.0,2.0,-1.0,0.0
grumblystiffnessuntainted,2021-05-31,Completed,4.0,3.0,3.0,2.0,3.0,3.0,3.0,3.0,3.0,3.0,2.0,3.0,3.0,3.0,2.0,-1.0,0.0
grumblystiffnessuntainted,2021-06-01,Completed,3.0,3.0,3.0,2.0,2.0,2.0,2.0,2.0,2.0,3.0,4.0,2.0,2.0,3.0,3.0,-1.0,0.0
grumblystiffnessuntainted,2021-06-02,Completed,2.0,4.0,3.0,3.0,4.0,2.0,2.0,2.0,2.0,3.0,3.0,2.0,2.0,3.0,2.0,-1.0,0.0
grumblystiffnessuntainted,2021-06-03,Completed,2.0,3.0,2.0,2.0,2.0,2.0,2.0,3.0,2.0,3.0,4.0,2.0,2.0,2.0,2.0,-1.0,0.0
grumblystiffnessuntainted,2021-06-04,Completed,3.0,3.0,4.0,2.0,3.0,2.0,3.0,2.0,2.0,3.0,2.0,3.0,3.0,3.0,3.0,-1.0,0.0
grumblystiffnessuntainted,2021-06-05,Completed,3.0,4.0,3.0,3.0,3.0,2.0,2.0,2.0,3.0,3.0,3.0,2.0,2.0,2.0,2.0,-1.0,0.0
grumblystiffnessuntainted,2021-06-06,Completed,3.0,3.0,2.0,2.0,2.0,2.0,2.0,2.0,2.0,2.0,2.0,3.0,3.0,3.0,2.0,-1.0,0.0
grumblystiffnessuntainted,2021-06-07,Completed,3.0,2.0,3.0,3.0,3.0,2.0,3.0,3.0,2.0,2.0,2.0,2.0,2.0,2.0,2.0,-1.0,0.0
grumblystiffnessuntainted,2021-06-08,Completed,2.0,3.0,3.0,2.0,3.0,2.0,2.0,2.0,2.0,2.0,2.0,3.0,3.0,2.0,2.0,-1.0,0.0
grumblystiffnessuntainted,2021-06-09,Completed,3.0,2.0,3.0,3.0,3.0,2.0,3.0,2.0,2.0,3.0,4.0,2.0,3.0,2.0,2.0,-1.0,0.0
grumblystiffnessuntainted,2021-06-10,NeverStarted,-1.0,-1.0,-1.0,-1.0,-1.0,-1.0,-1.0,-1.0,-1.0,-1.0,-1.0,-1.0,-1.0,-1.0,-1.0,-1.0,-1.0
grumblystiffnessuntainted,2021-06-11,Completed,4.0,2.0,4.0,3.0,4.0,2.0,3.0,3.0,2.0,3.0,3.0,2.0,2.0,4.0,2.0,-1.0,0.0
grumblystiffnessuntainted,2021-06-12,Completed,4.0,3.0,3.0,2.0,2.0,2.0,2.0,2.0,3.0,3.0,2.0,2.0,2.0,3.0,2.0,-1.0,0.0
grumblystiffnessuntainted,2021-06-13,Completed,2.0,4.0,4.0,2.0,2.0,3.0,3.0,3.0,3.0,2.0,1.0,2.0,2.0,3.0,2.0,-1.0,0.0
grumblystiffnessuntainted,2021-06-14,Completed,2.0,4.0,4.0,2.0,3.0,3.0,3.0,3.0,3.0,4.0,3.0,3.0,3.0,3.0,2.0,-1.0,0.0
grumblystiffnessuntainted,2021-06-14,Completed,3.0,4.0,3.0,3.0,3.0,2.0,2.0,2.0,2.0,3.0,2.0,3.0,2.0,3.0,3.0,-1.0,0.0
grumblystiffnessuntainted,2021-06-15,Completed,2.0,4.0,5.0,2.0,3.0,2.0,2.0,2.0,2.0,2.0,3.0,2.0,2.0,3.0,3.0,-1.0,0.0
grumblystiffnessuntainted,2021-06-16,NeverStarted,-1.0,-1.0,-1.0,-1.0,-1.0,-1.0,-1.0,-1.0,-1.0,-1.0,-1.0,-1.0,-1.0,-1.0,-1.0,-1.0,-1.0
grumblystiffnessuntainted,2021-06-17,Completed,5.0,2.0,4.0,2.0,2.0,3.0,3.0,3.0,3.0,2.0,3.0,3.0,2.0,2.0,2.0,2.0,0.0
grumblystiffnessuntainted,2021-06-18,Completed,3.0,3.0,3.0,3.0,3.0,2.0,2.0,2.0,3.0,2.0,2.0,2.0,2.0,2.0,2.0,-1.0,0.0
grumblystiffnessuntainted,2021-06-19,Completed,3.0,3.0,4.0,2.0,4.0,2.0,2.0,2.0,2.0,3.0,2.0,2.0,3.0,2.0,2.0,-1.0,0.0
grumblystiffnessuntainted,2021-06-20,Completed,4.0,2.0,5.0,2.0,3.0,2.0,2.0,2.0,2.0,2.0,3.0,2.0,2.0,2.0,2.0,-1.0,0.0
grumblystiffnessuntainted,2021-06-21,Completed,4.0,2.0,4.0,2.0,2.0,2.0,2.0,2.0,2.0,2.0,3.0,2.0,2.0,2.0,2.0,-1.0,0.0
grumblystiffnessuntainted,2021-06-22,Completed,3.0,3.0,4.0,3.0,2.0,3.0,2.0,2.0,2.0,3.0,1.0,3.0,2.0,2.0,2.0,2.0,0.0
grumblystiffnessuntainted,2021-06-23,Completed,4.0,2.0,3.0,2.0,3.0,2.0,2.0,3.0,2.0,3.0,1.0,2.0,2.0,2.0,2.0,2.0,0.0
grumblystiffnessuntainted,2021-06-24,Completed,4.0,3.0,4.0,2.0,3.0,2.0,3.0,2.0,2.0,3.0,2.0,3.0,2.0,3.0,3.0,-1.0,0.0
grumblystiffnessuntainted,2021-06-24,Completed,4.0,3.0,4.0,2.0,3.0,2.0,3.0,3.0,4.0,3.0,2.0,2.0,2.0,3.0,3.0,-1.0,0.0
grumblystiffnessuntainted,2021-06-25,Completed,2.0,4.0,5.0,3.0,4.0,1.0,2.0,2.0,2.0,3.0,1.0,3.0,3.0,3.0,3.0,-1.0,0.0
grumblystiffnessuntainted,2021-06-26,NeverStarted,-1.0,-1.0,-1.0,-1.0,-1.0,-1.0,-1.0,-1.0,-1.0,-1.0,-1.0,-1.0,-1.0,-1.0,-1.0,-1.0,-1.0
grumblystiffnessuntainted,2021-06-27,Completed,3.0,2.0,4.0,2.0,3.0,2.0,2.0,2.0,2.0,3.0,4.0,3.0,3.0,3.0,2.0,-1.0,0.0
grumblystiffnessuntainted,2021-06-28,Completed,4.0,2.0,4.0,2.0,3.0,2.0,3.0,2.0,2.0,2.0,2.0,3.0,2.0,3.0,2.0,2.0,0.0
grumblystiffnessuntainted,2021-06-29,Completed,3.0,2.0,4.0,2.0,4.0,2.0,2.0,3.0,2.0,3.0,2.0,3.0,2.0,3.0,2.0,-1.0,0.0
grumblystiffnessuntainted,2021-06-30,Completed,3.0,4.0,3.0,4.0,3.0,2.0,2.0,2.0,2.0,4.0,3.0,3.0,2.0,3.0,2.0,-1.0,0.0
grumblystiffnessuntainted,2021-07-01,Completed,2.0,4.0,5.0,2.0,5.0,1.0,1.0,1.0,2.0,3.0,4.0,3.0,2.0,2.0,2.0,-1.0,0.0
grumblystiffnessuntainted,2021-07-02,Completed,4.0,2.0,4.0,3.0,3.0,2.0,3.0,3.0,2.0,3.0,2.0,3.0,2.0,3.0,2.0,2.0,0.0
grumblystiffnessuntainted,2021-07-03,Completed,4.0,3.0,3.0,3.0,3.0,3.0,3.0,3.0,2.0,4.0,4.0,3.0,3.0,3.0,3.0,-1.0,0.0
grumblystiffnessuntainted,2021-07-04,Completed,3.0,3.0,4.0,2.0,3.0,2.0,2.0,3.0,2.0,3.0,3.0,2.0,2.0,4.0,3.0,-1.0,0.0
grumblystiffnessuntainted,2021-07-05,Completed,4.0,3.0,4.0,3.0,3.0,2.0,2.0,2.0,2.0,3.0,3.0,2.0,2.0,3.0,3.0,-1.0,0.0
grumblystiffnessuntainted,2021-07-06,Completed,4.0,3.0,4.0,2.0,2.0,2.0,2.0,2.0,2.0,3.0,1.0,3.0,2.0,3.0,2.0,2.0,0.0
grumblystiffnessuntainted,2021-07-07,Completed,4.0,4.0,4.0,2.0,3.0,2.0,2.0,2.0,2.0,3.0,3.0,2.0,2.0,3.0,1.0,2.0,0.0
grumblystiffnessuntainted,2021-07-08,Completed,4.0,2.0,4.0,2.0,3.0,3.0,4.0,3.0,3.0,3.0,2.0,3.0,3.0,2.0,1.0,2.0,0.0
grumblystiffnessuntainted,2021-07-09,Completed,4.0,3.0,4.0,2.0,3.0,2.0,2.0,2.0,2.0,3.0,2.0,3.0,2.0,3.0,1.0,2.0,0.0
grumblystiffnessuntainted,2021-07-10,Completed,5.0,2.0,4.0,2.0,3.0,2.0,2.0,3.0,2.0,3.0,1.0,3.0,3.0,2.0,1.0,2.0,0.0
grumblystiffnessuntainted,2021-07-11,Completed,4.0,3.0,3.0,2.0,2.0,2.0,3.0,3.0,2.0,3.0,1.0,3.0,3.0,3.0,3.0,-1.0,0.0
grumblystiffnessuntainted,2021-07-12,NeverStarted,-1.0,-1.0,-1.0,-1.0,-1.0,-1.0,-1.0,-1.0,-1.0,-1.0,-1.0,-1.0,-1.0,-1.0,-1.0,-1.0,-1.0
grumblystiffnessuntainted,2021-07-13,Completed,3.0,3.0,4.0,3.0,4.0,2.0,2.0,2.0,2.0,3.0,3.0,3.0,2.0,3.0,2.0,-1.0,0.0
grumblystiffnessuntainted,2021-07-14,Completed,3.0,4.0,4.0,3.0,2.0,2.0,2.0,2.0,2.0,4.0,3.0,2.0,2.0,3.0,3.0,2.0,0.0
grumblystiffnessuntainted,2021-07-15,Completed,2.0,3.0,4.0,2.0,3.0,2.0,2.0,2.0,2.0,3.0,2.0,2.0,2.0,3.0,3.0,2.0,0.0
grumblystiffnessuntainted,2021-07-16,Completed,3.0,2.0,3.0,2.0,2.0,2.0,2.0,2.0,2.0,3.0,2.0,2.0,2.0,3.0,2.0,-1.0,0.0
grumblystiffnessuntainted,2021-07-17,Completed,3.0,3.0,3.0,2.0,2.0,2.0,2.0,2.0,2.0,2.0,2.0,3.0,3.0,3.0,2.0,-1.0,0.0
grumblystiffnessuntainted,2021-07-18,Completed,5.0,3.0,2.0,3.0,2.0,2.0,2.0,2.0,2.0,3.0,1.0,2.0,2.0,2.0,2.0,2.0,0.0
grumblystiffnessuntainted,2021-07-19,Completed,5.0,2.0,5.0,2.0,2.0,2.0,2.0,4.0,3.0,2.0,1.0,2.0,2.0,2.0,3.0,-1.0,0.0
grumblystiffnessuntainted,2021-07-20,Completed,3.0,3.0,2.0,4.0,4.0,1.0,1.0,1.0,2.0,3.0,3.0,2.0,2.0,3.0,2.0,-1.0,0.0
grumblystiffnessuntainted,2021-07-21,Completed,3.0,3.0,3.0,2.0,2.0,2.0,2.0,2.0,2.0,2.0,3.0,2.0,2.0,3.0,2.0,-1.0,0.0
grumblystiffnessuntainted,2021-07-22,Completed,3.0,4.0,2.0,3.0,2.0,3.0,2.0,2.0,2.0,3.0,2.0,2.0,2.0,3.0,2.0,2.0,0.0
grumblystiffnessuntainted,2021-07-23,Completed,3.0,3.0,3.0,4.0,4.0,2.0,2.0,2.0,3.0,3.0,2.0,3.0,2.0,2.0,2.0,2.0,0.0
grumblystiffnessuntainted,2021-07-24,Completed,4.0,2.0,4.0,3.0,3.0,2.0,2.0,2.0,2.0,2.0,2.0,1.0,1.0,3.0,2.0,2.0,0.0
grumblystiffnessuntainted,2021-07-25,Completed,4.0,2.0,2.0,2.0,2.0,2.0,2.0,3.0,2.0,3.0,3.0,3.0,2.0,3.0,3.0,-1.0,0.0
grumblystiffnessuntainted,2021-07-26,Completed,4.0,3.0,2.0,2.0,2.0,2.0,2.0,2.0,2.0,3.0,3.0,2.0,2.0,2.0,2.0,2.0,0.0
grumblystiffnessuntainted,2021-07-27,Completed,2.0,4.0,3.0,2.0,2.0,2.0,2.0,2.0,2.0,3.0,2.0,3.0,3.0,2.0,2.0,-1.0,0.0
grumblystiffnessuntainted,2021-07-28,Completed,4.0,3.0,3.0,2.0,2.0,2.0,2.0,1.0,1.0,3.0,3.0,3.0,3.0,2.0,2.0,2.0,0.0
grumblystiffnessuntainted,2021-07-28,Completed,4.0,3.0,3.0,2.0,2.0,2.0,3.0,3.0,2.0,3.0,2.0,3.0,2.0,3.0,2.0,2.0,0.0
grumblystiffnessuntainted,2021-07-29,Completed,3.0,3.0,4.0,2.0,3.0,2.0,3.0,2.0,2.0,3.0,1.0,2.0,2.0,3.0,3.0,2.0,0.0
grumblystiffnessuntainted,2021-07-30,NeverStarted,-1.0,-1.0,-1.0,-1.0,-1.0,-1.0,-1.0,-1.0,-1.0,-1.0,-1.0,-1.0,-1.0,-1.0,-1.0,-1.0,-1.0
grumblystiffnessuntainted,2021-07-31,Completed,2.0,4.0,3.0,3.0,4.0,2.0,1.0,1.0,2.0,3.0,3.0,2.0,2.0,4.0,2.0,2.0,0.0
grumblystiffnessuntainted,2021-08-01,Completed,3.0,3.0,4.0,3.0,3.0,2.0,2.0,2.0,2.0,3.0,2.0,3.0,2.0,2.0,2.0,2.0,0.0
grumblystiffnessuntainted,2021-08-02,Completed,4.0,2.0,2.0,2.0,2.0,3.0,2.0,2.0,2.0,2.0,2.0,2.0,2.0,3.0,3.0,-1.0,0.0
grumblystiffnessuntainted,2021-08-03,Completed,4.0,3.0,3.0,2.0,3.0,2.0,2.0,2.0,2.0,3.0,3.0,3.0,2.0,3.0,2.0,2.0,0.0
grumblystiffnessuntainted,2021-08-04,Completed,3.0,2.0,2.0,2.0,3.0,2.0,3.0,2.0,2.0,3.0,3.0,3.0,2.0,3.0,2.0,2.0,0.0
grumblystiffnessuntainted,2021-08-05,Completed,3.0,2.0,3.0,2.0,4.0,2.0,2.0,2.0,2.0,3.0,2.0,2.0,2.0,3.0,2.0,2.0,0.0
grumblystiffnessuntainted,2021-08-06,Completed,3.0,3.0,3.0,3.0,3.0,2.0,2.0,1.0,3.0,3.0,2.0,3.0,2.0,3.0,2.0,2.0,0.0
grumblystiffnessuntainted,2021-08-07,Completed,3.0,3.0,2.0,2.0,2.0,2.0,2.0,2.0,2.0,3.0,3.0,2.0,2.0,3.0,2.0,2.0,0.0
grumblystiffnessuntainted,2021-08-08,NeverStarted,-1.0,-1.0,-1.0,-1.0,-1.0,-1.0,-1.0,-1.0,-1.0,-1.0,-1.0,-1.0,-1.0,-1.0,-1.0,-1.0,-1.0
grumblystiffnessuntainted,2021-08-09,Completed,4.0,3.0,3.0,3.0,3.0,3.0,2.0,3.0,3.0,3.0,3.0,3.0,2.0,2.0,2.0,2.0,0.0
grumblystiffnessuntainted,2021-08-09,Completed,4.0,2.0,4.0,2.0,3.0,1.0,1.0,1.0,1.0,3.0,2.0,2.0,3.0,3.0,2.0,2.0,0.0
grumblystiffnessuntainted,2021-08-10,NeverStarted,-1.0,-1.0,-1.0,-1.0,-1.0,-1.0,-1.0,-1.0,-1.0,-1.0,-1.0,-1.0,-1.0,-1.0,-1.0,-1.0,-1.0
grumblystiffnessuntainted,2021-08-11,Completed,3.0,3.0,3.0,2.0,3.0,2.0,2.0,3.0,2.0,2.0,2.0,2.0,2.0,3.0,2.0,2.0,0.0
grumblystiffnessuntainted,2021-08-12,Completed,4.0,3.0,3.0,2.0,2.0,2.0,2.0,2.0,2.0,3.0,2.0,2.0,2.0,2.0,2.0,2.0,0.0
grumblystiffnessuntainted,2021-08-13,Completed,4.0,3.0,3.0,2.0,2.0,2.0,2.0,2.0,2.0,3.0,3.0,2.0,2.0,2.0,2.0,2.0,0.0
grumblystiffnessuntainted,2021-08-14,Completed,3.0,2.0,2.0,2.0,2.0,1.0,3.0,2.0,2.0,3.0,1.0,3.0,3.0,3.0,2.0,2.0,0.0
grumblystiffnessuntainted,2021-08-15,Completed,3.0,2.0,2.0,3.0,3.0,2.0,2.0,2.0,1.0,3.0,2.0,3.0,2.0,3.0,2.0,2.0,0.0
grumblystiffnessuntainted,2021-08-16,Completed,3.0,3.0,2.0,2.0,2.0,2.0,2.0,2.0,2.0,2.0,2.0,3.0,2.0,2.0,2.0,2.0,0.0
grumblystiffnessuntainted,2021-08-17,Completed,4.0,3.0,3.0,3.0,3.0,2.0,2.0,2.0,2.0,4.0,3.0,2.0,2.0,2.0,2.0,2.0,0.0
grumblystiffnessuntainted,2021-08-18,Completed,3.0,2.0,2.0,2.0,3.0,2.0,2.0,2.0,2.0,3.0,2.0,3.0,2.0,3.0,2.0,2.0,0.0
grumblystiffnessuntainted,2021-08-19,Completed,4.0,3.0,3.0,2.0,2.0,2.0,2.0,2.0,1.0,3.0,3.0,2.0,2.0,2.0,2.0,-1.0,0.0
grumblystiffnessuntainted,2021-08-20,Completed,4.0,2.0,4.0,2.0,2.0,2.0,2.0,2.0,2.0,2.0,2.0,2.0,2.0,2.0,2.0,2.0,0.0
grumblystiffnessuntainted,2021-08-21,Completed,4.0,3.0,2.0,2.0,2.0,2.0,3.0,2.0,1.0,3.0,3.0,3.0,2.0,2.0,2.0,2.0,0.0
grumblystiffnessuntainted,2021-08-22,Completed,3.0,3.0,3.0,3.0,3.0,1.0,1.0,1.0,1.0,3.0,1.0,2.0,2.0,3.0,2.0,2.0,0.0
grumblystiffnessuntainted,2021-08-23,Completed,4.0,3.0,3.0,2.0,3.0,1.0,3.0,2.0,3.0,3.0,2.0,3.0,2.0,2.0,2.0,2.0,0.0
grumblystiffnessuntainted,2021-08-24,Completed,3.0,3.0,4.0,2.0,3.0,2.0,2.0,3.0,3.0,3.0,1.0,3.0,2.0,2.0,2.0,2.0,0.0
grumblystiffnessuntainted,2021-08-25,Completed,4.0,3.0,3.0,2.0,3.0,2.0,2.0,2.0,2.0,3.0,1.0,2.0,3.0,2.0,3.0,2.0,0.0
grumblystiffnessuntainted,2021-08-25,Completed,3.0,3.0,4.0,2.0,2.0,2.0,2.0,2.0,2.0,3.0,2.0,3.0,2.0,3.0,2.0,2.0,0.0
grumblystiffnessuntainted,2021-08-26,Completed,3.0,3.0,3.0,3.0,4.0,2.0,2.0,3.0,1.0,4.0,4.0,2.0,2.0,3.0,2.0,-1.0,0.0
grumblystiffnessuntainted,2021-08-27,Completed,4.0,2.0,3.0,2.0,2.0,2.0,2.0,2.0,2.0,3.0,4.0,3.0,2.0,2.0,2.0,2.0,0.0
grumblystiffnessuntainted,2021-08-28,NeverStarted,-1.0,-1.0,-1.0,-1.0,-1.0,-1.0,-1.0,-1.0,-1.0,-1.0,-1.0,-1.0,-1.0,-1.0,-1.0,-1.0,-1.0
grumblystiffnessuntainted,2021-08-29,Completed,4.0,4.0,3.0,2.0,2.0,2.0,2.0,2.0,2.0,3.0,2.0,2.0,3.0,2.0,2.0,2.0,0.0
grumblystiffnessuntainted,2021-08-30,Completed,3.0,4.0,3.0,3.0,3.0,1.0,1.0,1.0,1.0,3.0,3.0,1.0,1.0,3.0,2.0,2.0,0.0
grumblystiffnessuntainted,2021-08-31,Completed,3.0,3.0,3.0,2.0,2.0,2.0,2.0,2.0,2.0,3.0,2.0,3.0,2.0,2.0,2.0,-1.0,0.0
grumblystiffnessuntainted,2021-09-01,Completed,3.0,3.0,3.0,3.0,2.0,2.0,2.0,2.0,2.0,3.0,1.0,2.0,2.0,2.0,2.0,2.0,0.0
grumblystiffnessuntainted,2021-09-02,Completed,4.0,3.0,3.0,2.0,3.0,2.0,2.0,2.0,2.0,2.0,4.0,2.0,2.0,2.0,2.0,-1.0,0.0
grumblystiffnessuntainted,2021-09-03,Completed,3.0,3.0,3.0,3.0,3.0,2.0,2.0,2.0,2.0,3.0,3.0,2.0,2.0,4.0,2.0,-1.0,0.0
grumblystiffnessuntainted,2021-09-04,Completed,4.0,3.0,3.0,2.0,2.0,2.0,2.0,3.0,2.0,3.0,3.0,2.0,2.0,3.0,2.0,2.0,0.0
grumblystiffnessuntainted,2021-09-05,Completed,4.0,2.0,4.0,2.0,3.0,3.0,3.0,2.0,2.0,3.0,3.0,3.0,3.0,2.0,3.0,-1.0,0.0
grumblystiffnessuntainted,2021-09-06,Completed,4.0,2.0,3.0,2.0,2.0,2.0,2.0,2.0,2.0,2.0,2.0,2.0,2.0,3.0,3.0,-1.0,0.0
grumblystiffnessuntainted,2021-09-07,Completed,4.0,4.0,4.0,3.0,3.0,2.0,2.0,2.0,2.0,4.0,2.0,3.0,2.0,2.0,2.0,-1.0,0.0
grumblystiffnessuntainted,2021-09-08,Completed,4.0,3.0,3.0,3.0,3.0,2.0,2.0,2.0,2.0,3.0,3.0,2.0,2.0,2.0,3.0,2.0,0.0
grumblystiffnessuntainted,2021-09-09,Completed,4.0,3.0,2.0,2.0,2.0,2.0,2.0,2.0,2.0,3.0,2.0,2.0,2.0,3.0,2.0,-1.0,0.0
grumblystiffnessuntainted,2021-09-10,NeverStarted,-1.0,-1.0,-1.0,-1.0,-1.0,-1.0,-1.0,-1.0,-1.0,-1.0,-1.0,-1.0,-1.0,-1.0,-1.0,-1.0,-1.0
grumblystiffnessuntainted,2021-09-11,Completed,3.0,3.0,3.0,3.0,3.0,2.0,2.0,2.0,2.0,4.0,2.0,2.0,2.0,2.0,2.0,2.0,0.0
grumblystiffnessuntainted,2021-09-11,Completed,3.0,3.0,3.0,2.0,3.0,2.0,2.0,2.0,3.0,3.0,2.0,2.0,2.0,3.0,2.0,2.0,0.0
grumblystiffnessuntainted,2021-09-12,Completed,4.0,3.0,3.0,3.0,3.0,2.0,2.0,2.0,2.0,3.0,3.0,2.0,2.0,3.0,2.0,2.0,0.0
grumblystiffnessuntainted,2021-09-13,Completed,3.0,3.0,3.0,2.0,2.0,2.0,2.0,2.0,2.0,2.0,2.0,3.0,3.0,3.0,3.0,1.0,0.0
grumblystiffnessuntainted,2021-09-14,NeverStarted,-1.0,-1.0,-1.0,-1.0,-1.0,-1.0,-1.0,-1.0,-1.0,-1.0,-1.0,-1.0,-1.0,-1.0,-1.0,-1.0,-1.0
grumblystiffnessuntainted,2021-09-15,Completed,4.0,3.0,3.0,2.0,2.0,2.0,2.0,2.0,2.0,2.0,2.0,3.0,3.0,2.0,2.0,2.0,0.0
grumblystiffnessuntainted,2021-09-15,Completed,4.0,2.0,5.0,2.0,3.0,2.0,2.0,2.0,2.0,2.0,2.0,2.0,2.0,2.0,2.0,2.0,0.0
grumblystiffnessuntainted,2021-09-16,NeverStarted,-1.0,-1.0,-1.0,-1.0,-1.0,-1.0,-1.0,-1.0,-1.0,-1.0,-1.0,-1.0,-1.0,-1.0,-1.0,-1.0,-1.0
grumblystiffnessuntainted,2021-09-17,Completed,4.0,3.0,2.0,2.0,2.0,2.0,2.0,2.0,2.0,3.0,1.0,2.0,2.0,2.0,3.0,-1.0,0.0
grumblystiffnessuntainted,2021-09-18,Completed,3.0,3.0,3.0,2.0,2.0,2.0,2.0,2.0,2.0,3.0,3.0,2.0,2.0,2.0,2.0,-1.0,0.0
grumblystiffnessuntainted,2021-09-19,Completed,4.0,2.0,5.0,1.0,4.0,2.0,2.0,2.0,2.0,3.0,2.0,2.0,2.0,3.0,2.0,2.0,0.0
grumblystiffnessuntainted,2021-09-20,Completed,4.0,3.0,5.0,2.0,3.0,3.0,3.0,2.0,2.0,3.0,3.0,3.0,3.0,3.0,3.0,2.0,0.0
grumblystiffnessuntainted,2021-09-21,NeverStarted,-1.0,-1.0,-1.0,-1.0,-1.0,-1.0,-1.0,-1.0,-1.0,-1.0,-1.0,-1.0,-1.0,-1.0,-1.0,-1.0,-1.0
grumblystiffnessuntainted,2021-09-22,Completed,5.0,2.0,4.0,2.0,3.0,2.0,2.0,3.0,2.0,3.0,3.0,3.0,2.0,2.0,2.0,-1.0,0.0
grumblystiffnessuntainted,2021-09-23,Completed,3.0,4.0,3.0,2.0,2.0,2.0,2.0,2.0,2.0,3.0,2.0,2.0,2.0,2.0,2.0,2.0,0.0
grumblystiffnessuntainted,2021-09-23,Completed,3.0,3.0,3.0,2.0,2.0,2.0,2.0,2.0,2.0,3.0,2.0,2.0,2.0,2.0,2.0,2.0,0.0
grumblystiffnessuntainted,2021-09-24,NeverStarted,-1.0,-1.0,-1.0,-1.0,-1.0,-1.0,-1.0,-1.0,-1.0,-1.0,-1.0,-1.0,-1.0,-1.0,-1.0,-1.0,-1.0
grumblystiffnessuntainted,2021-09-25,Completed,4.0,3.0,5.0,1.0,2.0,2.0,3.0,3.0,2.0,2.0,2.0,2.0,2.0,2.0,2.0,-1.0,0.0
grumblystiffnessuntainted,2021-09-26,Completed,4.0,3.0,2.0,2.0,3.0,2.0,2.0,2.0,2.0,3.0,2.0,4.0,3.0,2.0,2.0,2.0,0.0
grumblystiffnessuntainted,2021-09-27,Completed,3.0,3.0,2.0,2.0,2.0,2.0,3.0,3.0,2.0,3.0,2.0,2.0,2.0,2.0,2.0,2.0,0.0
grumblystiffnessuntainted,2021-09-28,Completed,3.0,2.0,3.0,2.0,2.0,2.0,2.0,2.0,2.0,2.0,2.0,2.0,2.0,3.0,2.0,-1.0,0.0
grumblystiffnessuntainted,2021-09-29,Completed,3.0,3.0,2.0,2.0,2.0,2.0,2.0,2.0,2.0,3.0,2.0,2.0,2.0,2.0,2.0,2.0,0.0
grumblystiffnessuntainted,2021-09-30,NeverStarted,-1.0,-1.0,-1.0,-1.0,-1.0,-1.0,-1.0,-1.0,-1.0,-1.0,-1.0,-1.0,-1.0,-1.0,-1.0,-1.0,-1.0
grumblystiffnessuntainted,2021-10-01,Completed,3.0,3.0,2.0,2.0,2.0,2.0,2.0,2.0,2.0,3.0,1.0,2.0,2.0,3.0,2.0,-1.0,0.0
grumblystiffnessuntainted,2021-10-02,Completed,3.0,3.0,2.0,2.0,2.0,2.0,2.0,2.0,2.0,3.0,2.0,3.0,2.0,3.0,2.0,-1.0,0.0
grumblystiffnessuntainted,2021-10-03,Completed,3.0,3.0,2.0,2.0,3.0,2.0,2.0,2.0,2.0,3.0,3.0,2.0,2.0,3.0,2.0,2.0,0.0
grumblystiffnessuntainted,2021-10-04,Completed,3.0,2.0,2.0,2.0,2.0,2.0,2.0,2.0,2.0,2.0,2.0,2.0,2.0,3.0,2.0,2.0,0.0
grumblystiffnessuntainted,2021-10-05,Completed,3.0,2.0,4.0,3.0,3.0,2.0,2.0,2.0,2.0,3.0,2.0,3.0,2.0,3.0,2.0,2.0,0.0
grumblystiffnessuntainted,2021-10-06,Completed,4.0,2.0,2.0,3.0,3.0,2.0,2.0,3.0,2.0,2.0,2.0,2.0,3.0,3.0,2.0,2.0,0.0
grumblystiffnessuntainted,2021-10-07,Completed,4.0,3.0,3.0,3.0,2.0,2.0,2.0,2.0,2.0,3.0,1.0,2.0,2.0,3.0,3.0,1.0,0.0
grumblystiffnessuntainted,2021-10-08,Completed,3.0,3.0,4.0,2.0,2.0,2.0,2.0,2.0,2.0,3.0,2.0,3.0,2.0,3.0,2.0,-1.0,0.0
grumblystiffnessuntainted,2021-10-09,Completed,3.0,2.0,3.0,2.0,2.0,2.0,2.0,2.0,2.0,3.0,2.0,2.0,2.0,2.0,2.0,-1.0,0.0
grumblystiffnessuntainted,2021-10-09,Completed,3.0,2.0,3.0,2.0,2.0,2.0,2.0,2.0,2.0,3.0,2.0,2.0,2.0,2.0,2.0,-1.0,0.0
grumblystiffnessuntainted,2021-10-09,Completed,4.0,3.0,2.0,2.0,3.0,2.0,2.0,2.0,2.0,2.0,2.0,2.0,2.0,2.0,2.0,-1.0,0.0
grumblystiffnessuntainted,2021-10-10,NeverStarted,-1.0,-1.0,-1.0,-1.0,-1.0,-1.0,-1.0,-1.0,-1.0,-1.0,-1.0,-1.0,-1.0,-1.0,-1.0,-1.0,-1.0
grumblystiffnessuntainted,2021-10-11,Completed,4.0,3.0,3.0,2.0,2.0,3.0,2.0,3.0,2.0,1.0,2.0,2.0,2.0,3.0,2.0,2.0,0.0
grumblystiffnessuntainted,2021-10-12,Completed,4.0,2.0,3.0,3.0,3.0,2.0,2.0,2.0,2.0,3.0,1.0,3.0,2.0,2.0,2.0,2.0,0.0
grumblystiffnessuntainted,2021-10-13,Completed,3.0,2.0,5.0,2.0,2.0,2.0,1.0,1.0,2.0,2.0,1.0,3.0,2.0,3.0,3.0,-1.0,0.0
grumblystiffnessuntainted,2021-10-14,Completed,4.0,2.0,2.0,2.0,2.0,2.0,2.0,2.0,2.0,2.0,2.0,2.0,2.0,2.0,2.0,2.0,0.0
grumblystiffnessuntainted,2021-10-14,Completed,4.0,3.0,3.0,2.0,2.0,2.0,2.0,2.0,1.0,3.0,2.0,2.0,2.0,3.0,2.0,2.0,0.0
grumblystiffnessuntainted,2021-10-15,NeverStarted,-1.0,-1.0,-1.0,-1.0,-1.0,-1.0,-1.0,-1.0,-1.0,-1.0,-1.0,-1.0,-1.0,-1.0,-1.0,-1.0,-1.0
grumblystiffnessuntainted,2021-10-16,Completed,3.0,2.0,4.0,2.0,2.0,3.0,2.0,2.0,2.0,3.0,2.0,2.0,2.0,2.0,2.0,2.0,0.0
grumblystiffnessuntainted,2021-10-17,Completed,3.0,2.0,2.0,2.0,2.0,2.0,3.0,2.0,2.0,2.0,3.0,2.0,2.0,2.0,2.0,2.0,0.0
grumblystiffnessuntainted,2021-10-18,Completed,4.0,4.0,4.0,2.0,2.0,2.0,2.0,2.0,2.0,3.0,4.0,2.0,2.0,3.0,3.0,2.0,0.0
grumblystiffnessuntainted,2021-10-19,Completed,4.0,3.0,3.0,2.0,2.0,2.0,2.0,2.0,2.0,3.0,2.0,2.0,2.0,2.0,2.0,2.0,0.0
grumblystiffnessuntainted,2021-10-20,Completed,3.0,3.0,4.0,2.0,3.0,1.0,2.0,2.0,2.0,3.0,2.0,2.0,3.0,3.0,2.0,2.0,0.0
grumblystiffnessuntainted,2021-10-21,Completed,3.0,3.0,3.0,2.0,2.0,2.0,2.0,2.0,2.0,3.0,2.0,2.0,2.0,3.0,2.0,2.0,0.0
grumblystiffnessuntainted,2021-10-22,Completed,4.0,3.0,2.0,2.0,3.0,1.0,1.0,2.0,2.0,3.0,2.0,2.0,2.0,3.0,2.0,-1.0,0.0
grumblystiffnessuntainted,2021-10-23,NeverStarted,-1.0,-1.0,-1.0,-1.0,-1.0,-1.0,-1.0,-1.0,-1.0,-1.0,-1.0,-1.0,-1.0,-1.0,-1.0,-1.0,-1.0
grumblystiffnessuntainted,2021-10-24,Completed,4.0,3.0,3.0,2.0,2.0,2.0,2.0,2.0,2.0,3.0,3.0,2.0,2.0,3.0,2.0,-1.0,0.0
grumblystiffnessuntainted,2021-10-25,Completed,3.0,3.0,3.0,2.0,2.0,2.0,2.0,3.0,2.0,4.0,2.0,2.0,2.0,2.0,3.0,2.0,0.0
grumblystiffnessuntainted,2021-10-26,Completed,4.0,2.0,5.0,1.0,3.0,1.0,1.0,1.0,1.0,3.0,2.0,3.0,2.0,2.0,3.0,-1.0,0.0
grumblystiffnessuntainted,2021-10-27,NeverStarted,-1.0,-1.0,-1.0,-1.0,-1.0,-1.0,-1.0,-1.0,-1.0,-1.0,-1.0,-1.0,-1.0,-1.0,-1.0,-1.0,-1.0
grumblystiffnessuntainted,2021-10-28,Completed,4.0,3.0,4.0,3.0,3.0,3.0,3.0,2.0,2.0,3.0,3.0,2.0,2.0,2.0,2.0,1.0,0.0
grumblystiffnessuntainted,2021-10-29,Completed,4.0,2.0,3.0,2.0,2.0,2.0,2.0,2.0,2.0,3.0,2.0,3.0,2.0,2.0,3.0,2.0,0.0
grumblystiffnessuntainted,2021-10-30,Completed,3.0,2.0,2.0,2.0,2.0,2.0,2.0,2.0,2.0,2.0,2.0,3.0,2.0,3.0,3.0,-1.0,0.0
grumblystiffnessuntainted,2021-10-31,Completed,3.0,4.0,2.0,4.0,3.0,2.0,2.0,2.0,2.0,2.0,1.0,3.0,3.0,3.0,2.0,-1.0,0.0
grumblystiffnessuntainted,2021-11-01,Completed,4.0,3.0,2.0,2.0,2.0,2.0,2.0,2.0,2.0,3.0,1.0,3.0,3.0,2.0,3.0,-1.0,0.0
grumblystiffnessuntainted,2021-11-02,Completed,4.0,3.0,4.0,4.0,3.0,2.0,2.0,2.0,2.0,3.0,1.0,2.0,2.0,2.0,3.0,1.0,0.0
grumblystiffnessuntainted,2021-11-03,Completed,4.0,3.0,3.0,2.0,2.0,2.0,2.0,2.0,2.0,3.0,1.0,2.0,2.0,3.0,2.0,2.0,0.0
grumblystiffnessuntainted,2021-11-04,Completed,2.0,3.0,2.0,3.0,4.0,2.0,2.0,2.0,2.0,3.0,3.0,3.0,1.0,2.0,2.0,2.0,0.0
grumblystiffnessuntainted,2021-11-05,Completed,4.0,2.0,4.0,1.0,3.0,2.0,2.0,2.0,2.0,2.0,3.0,2.0,2.0,2.0,3.0,2.0,0.0
grumblystiffnessuntainted,2021-11-06,Completed,4.0,3.0,4.0,2.0,2.0,2.0,2.0,2.0,2.0,3.0,2.0,2.0,2.0,2.0,2.0,2.0,0.0
grumblystiffnessuntainted,2021-11-07,Completed,5.0,2.0,2.0,3.0,2.0,2.0,2.0,2.0,2.0,2.0,2.0,2.0,2.0,2.0,2.0,2.0,0.0
grumblystiffnessuntainted,2021-11-08,Completed,4.0,3.0,3.0,3.0,2.0,2.0,2.0,2.0,2.0,3.0,2.0,2.0,2.0,3.0,2.0,2.0,0.0
grumblystiffnessuntainted,2021-11-09,Completed,4.0,3.0,4.0,2.0,2.0,3.0,2.0,2.0,2.0,2.0,2.0,2.0,2.0,3.0,2.0,2.0,0.0
grumblystiffnessuntainted,2021-11-10,Completed,4.0,2.0,2.0,2.0,2.0,2.0,2.0,2.0,2.0,2.0,3.0,2.0,2.0,2.0,2.0,2.0,0.0
grumblystiffnessuntainted,2021-11-11,Completed,3.0,4.0,2.0,2.0,3.0,2.0,2.0,2.0,2.0,2.0,2.0,2.0,2.0,2.0,2.0,2.0,0.0
grumblystiffnessuntainted,2021-11-12,NeverStarted,-1.0,-1.0,-1.0,-1.0,-1.0,-1.0,-1.0,-1.0,-1.0,-1.0,-1.0,-1.0,-1.0,-1.0,-1.0,-1.0,-1.0
grumblystiffnessuntainted,2021-11-13,Completed,3.0,2.0,3.0,3.0,2.0,2.0,2.0,2.0,2.0,3.0,2.0,2.0,2.0,2.0,2.0,2.0,0.0
grumblystiffnessuntainted,2021-11-14,Completed,3.0,4.0,3.0,2.0,2.0,2.0,2.0,2.0,2.0,2.0,1.0,3.0,2.0,3.0,2.0,-1.0,0.0
grumblystiffnessuntainted,2021-11-15,Completed,4.0,3.0,3.0,2.0,3.0,2.0,2.0,1.0,2.0,3.0,2.0,3.0,2.0,2.0,2.0,2.0,0.0
grumblystiffnessuntainted,2021-11-16,NeverStarted,-1.0,-1.0,-1.0,-1.0,-1.0,-1.0,-1.0,-1.0,-1.0,-1.0,-1.0,-1.0,-1.0,-1.0,-1.0,-1.0,-1.0
grumblystiffnessuntainted,2021-11-17,Completed,4.0,3.0,3.0,2.0,2.0,3.0,2.0,2.0,2.0,3.0,1.0,3.0,2.0,3.0,2.0,2.0,0.0
grumblystiffnessuntainted,2021-11-18,Completed,2.0,4.0,2.0,3.0,2.0,2.0,1.0,1.0,1.0,3.0,2.0,2.0,2.0,3.0,2.0,-1.0,0.0
grumblystiffnessuntainted,2021-11-19,Completed,3.0,3.0,2.0,2.0,2.0,2.0,2.0,2.0,2.0,3.0,3.0,3.0,2.0,3.0,2.0,-1.0,0.0
grumblystiffnessuntainted,2021-11-20,Completed,3.0,4.0,3.0,2.0,2.0,2.0,2.0,2.0,2.0,2.0,2.0,2.0,2.0,2.0,2.0,2.0,0.0
grumblystiffnessuntainted,2021-11-21,Completed,3.0,2.0,2.0,2.0,3.0,1.0,1.0,2.0,1.0,3.0,3.0,2.0,2.0,2.0,2.0,2.0,0.0
grumblystiffnessuntainted,2021-11-22,NeverStarted,-1.0,-1.0,-1.0,-1.0,-1.0,-1.0,-1.0,-1.0,-1.0,-1.0,-1.0,-1.0,-1.0,-1.0,-1.0,-1.0,-1.0
grumblystiffnessuntainted,2021-11-23,Completed,4.0,2.0,2.0,2.0,2.0,2.0,2.0,2.0,2.0,3.0,2.0,2.0,2.0,3.0,3.0,2.0,0.0
grumblystiffnessuntainted,2021-11-24,Completed,4.0,3.0,2.0,2.0,2.0,2.0,2.0,2.0,2.0,2.0,2.0,2.0,2.0,2.0,2.0,2.0,0.0
grumblystiffnessuntainted,2021-11-25,Completed,4.0,3.0,2.0,2.0,2.0,2.0,2.0,2.0,2.0,2.0,2.0,3.0,2.0,2.0,2.0,2.0,0.0
grumblystiffnessuntainted,2021-11-26,Completed,2.0,5.0,5.0,2.0,2.0,2.0,2.0,2.0,2.0,2.0,3.0,2.0,2.0,2.0,2.0,-1.0,0.0
grumblystiffnessuntainted,2021-11-27,Completed,3.0,3.0,4.0,2.0,2.0,2.0,2.0,2.0,2.0,2.0,2.0,2.0,2.0,2.0,2.0,2.0,0.0
grumblystiffnessuntainted,2021-11-28,Completed,3.0,4.0,3.0,2.0,2.0,2.0,2.0,2.0,2.0,3.0,2.0,2.0,2.0,2.0,2.0,2.0,0.0
grumblystiffnessuntainted,2021-11-29,Completed,3.0,3.0,5.0,2.0,3.0,2.0,2.0,2.0,2.0,3.0,2.0,2.0,2.0,3.0,2.0,2.0,0.0
grumblystiffnessuntainted,2021-11-29,Completed,4.0,2.0,3.0,2.0,2.0,2.0,2.0,2.0,2.0,3.0,2.0,3.0,2.0,2.0,3.0,-1.0,0.0
grumblystiffnessuntainted,2021-11-29,Completed,4.0,2.0,3.0,2.0,2.0,2.0,2.0,2.0,2.0,3.0,2.0,3.0,2.0,2.0,3.0,-1.0,0.0
grumblystiffnessuntainted,2021-11-30,Completed,3.0,3.0,5.0,4.0,2.0,2.0,2.0,2.0,2.0,3.0,1.0,3.0,3.0,2.0,2.0,2.0,0.0
grumblystiffnessuntainted,2021-12-01,NeverStarted,-1.0,-1.0,-1.0,-1.0,-1.0,-1.0,-1.0,-1.0,-1.0,-1.0,-1.0,-1.0,-1.0,-1.0,-1.0,-1.0,-1.0
grumblystiffnessuntainted,2021-12-02,Completed,3.0,3.0,3.0,2.0,2.0,2.0,2.0,2.0,2.0,3.0,2.0,2.0,2.0,3.0,2.0,2.0,0.0
grumblystiffnessuntainted,2021-12-02,Completed,3.0,2.0,3.0,2.0,2.0,2.0,2.0,2.0,2.0,2.0,2.0,2.0,3.0,1.0,1.0,1.0,0.0
grumblystiffnessuntainted,2021-12-03,NeverStarted,-1.0,-1.0,-1.0,-1.0,-1.0,-1.0,-1.0,-1.0,-1.0,-1.0,-1.0,-1.0,-1.0,-1.0,-1.0,-1.0,-1.0
grumblystiffnessuntainted,2021-12-04,Completed,3.0,3.0,2.0,2.0,3.0,2.0,2.0,2.0,2.0,3.0,2.0,2.0,2.0,2.0,2.0,2.0,0.0
grumblystiffnessuntainted,2021-12-04,NeverStarted,-1.0,-1.0,-1.0,-1.0,-1.0,-1.0,-1.0,-1.0,-1.0,-1.0,-1.0,-1.0,-1.0,-1.0,-1.0,-1.0,-1.0
grumblystiffnessuntainted,2021-12-05,NeverStarted,-1.0,-1.0,-1.0,-1.0,-1.0,-1.0,-1.0,-1.0,-1.0,-1.0,-1.0,-1.0,-1.0,-1.0,-1.0,-1.0,-1.0
grumblystiffnessuntainted,2021-12-06,Completed,3.0,3.0,5.0,2.0,3.0,2.0,2.0,2.0,2.0,2.0,2.0,3.0,2.0,2.0,3.0,2.0,0.0
grumblystiffnessuntainted,2021-12-07,Completed,3.0,3.0,4.0,2.0,2.0,2.0,2.0,2.0,2.0,3.0,2.0,2.0,2.0,2.0,2.0,2.0,0.0
grumblystiffnessuntainted,2021-12-08,Completed,3.0,2.0,4.0,2.0,2.0,2.0,2.0,2.0,2.0,2.0,2.0,2.0,2.0,2.0,2.0,2.0,0.0
grumblystiffnessuntainted,2021-12-09,Completed,5.0,1.0,5.0,1.0,2.0,3.0,2.0,3.0,3.0,1.0,1.0,2.0,2.0,2.0,2.0,2.0,0.0
grumblystiffnessuntainted,2021-12-10,Completed,4.0,2.0,3.0,3.0,3.0,2.0,2.0,2.0,2.0,3.0,2.0,2.0,2.0,2.0,2.0,-1.0,0.0
grumblystiffnessuntainted,2021-12-11,Completed,3.0,3.0,3.0,2.0,2.0,2.0,2.0,2.0,2.0,3.0,1.0,2.0,2.0,2.0,2.0,2.0,0.0
grumblystiffnessuntainted,2021-12-12,Completed,3.0,4.0,5.0,3.0,3.0,2.0,2.0,2.0,2.0,3.0,2.0,2.0,2.0,3.0,2.0,2.0,0.0
grumblystiffnessuntainted,2021-12-13,Completed,3.0,3.0,2.0,2.0,2.0,2.0,2.0,2.0,2.0,3.0,3.0,2.0,2.0,2.0,2.0,-1.0,0.0
grumblystiffnessuntainted,2021-12-14,Completed,4.0,2.0,4.0,2.0,2.0,2.0,3.0,3.0,2.0,3.0,2.0,2.0,3.0,2.0,3.0,-1.0,0.0
grumblystiffnessuntainted,2021-12-15,NeverStarted,-1.0,-1.0,-1.0,-1.0,-1.0,-1.0,-1.0,-1.0,-1.0,-1.0,-1.0,-1.0,-1.0,-1.0,-1.0,-1.0,-1.0
grumblystiffnessuntainted,2021-12-16,Completed,3.0,2.0,4.0,3.0,3.0,2.0,2.0,2.0,2.0,3.0,2.0,2.0,2.0,3.0,2.0,2.0,0.0
grumblystiffnessuntainted,2021-12-16,Completed,3.0,2.0,4.0,3.0,3.0,2.0,2.0,2.0,2.0,3.0,2.0,2.0,2.0,3.0,2.0,2.0,0.0
grumblystiffnessuntainted,2021-12-17,Completed,3.0,4.0,3.0,2.0,2.0,2.0,2.0,2.0,2.0,3.0,2.0,2.0,2.0,2.0,2.0,2.0,0.0
grumblystiffnessuntainted,2021-12-18,Completed,4.0,2.0,3.0,2.0,2.0,2.0,2.0,2.0,2.0,3.0,2.0,2.0,2.0,3.0,2.0,2.0,0.0
grumblystiffnessuntainted,2021-12-19,Completed,4.0,3.0,2.0,3.0,3.0,2.0,2.0,2.0,2.0,2.0,2.0,2.0,2.0,3.0,2.0,-1.0,0.0
grumblystiffnessuntainted,2021-12-20,NeverStarted,-1.0,-1.0,-1.0,-1.0,-1.0,-1.0,-1.0,-1.0,-1.0,-1.0,-1.0,-1.0,-1.0,-1.0,-1.0,-1.0,-1.0
grumblystiffnessuntainted,2021-12-21,Completed,4.0,2.0,4.0,3.0,3.0,2.0,2.0,2.0,2.0,3.0,2.0,2.0,2.0,3.0,3.0,-1.0,0.0
grumblystiffnessuntainted,2021-12-22,Completed,4.0,3.0,2.0,2.0,2.0,2.0,2.0,2.0,2.0,3.0,2.0,2.0,2.0,2.0,2.0,2.0,0.0
grumblystiffnessuntainted,2021-12-23,Completed,4.0,2.0,3.0,2.0,3.0,2.0,2.0,2.0,2.0,2.0,2.0,2.0,2.0,2.0,2.0,2.0,0.0
grumblystiffnessuntainted,2021-12-24,Completed,3.0,2.0,2.0,2.0,2.0,1.0,1.0,1.0,2.0,2.0,2.0,2.0,2.0,2.0,2.0,2.0,0.0
grumblystiffnessuntainted,2021-12-25,Completed,3.0,4.0,3.0,3.0,3.0,1.0,1.0,1.0,1.0,3.0,3.0,2.0,2.0,3.0,2.0,-1.0,0.0
grumblystiffnessuntainted,2021-12-26,Completed,5.0,2.0,3.0,2.0,3.0,2.0,2.0,2.0,2.0,3.0,3.0,2.0,2.0,2.0,2.0,2.0,0.0
grumblystiffnessuntainted,2021-12-27,Completed,4.0,3.0,4.0,2.0,2.0,2.0,2.0,2.0,2.0,2.0,2.0,2.0,2.0,2.0,3.0,-1.0,0.0
grumblystiffnessuntainted,2021-12-28,Completed,3.0,2.0,2.0,3.0,2.0,2.0,2.0,2.0,3.0,3.0,3.0,2.0,2.0,2.0,2.0,2.0,0.0
grumblystiffnessuntainted,2021-12-29,Completed,4.0,3.0,4.0,3.0,2.0,2.0,2.0,2.0,2.0,3.0,3.0,2.0,2.0,3.0,2.0,-1.0,0.0
grumblystiffnessuntainted,2021-12-30,Completed,3.0,2.0,5.0,1.0,2.0,2.0,2.0,3.0,2.0,2.0,2.0,2.0,3.0,3.0,2.0,2.0,0.0
grumblystiffnessuntainted,2021-12-31,NeverStarted,-1.0,-1.0,-1.0,-1.0,-1.0,-1.0,-1.0,-1.0,-1.0,-1.0,-1.0,-1.0,-1.0,-1.0,-1.0,-1.0,-1.0
grumblystiffnessuntainted,2022-01-01,Completed,4.0,2.0,5.0,1.0,3.0,2.0,1.0,1.0,1.0,2.0,2.0,2.0,3.0,3.0,1.0,-1.0,0.0
grumblystiffnessuntainted,2022-01-02,Completed,5.0,2.0,5.0,3.0,2.0,2.0,3.0,2.0,2.0,3.0,1.0,3.0,2.0,2.0,2.0,2.0,0.0
grumblystiffnessuntainted,2022-01-02,NeverStarted,-1.0,-1.0,-1.0,-1.0,-1.0,-1.0,-1.0,-1.0,-1.0,-1.0,-1.0,-1.0,-1.0,-1.0,-1.0,-1.0,-1.0
grumblystiffnessuntainted,2022-01-03,Completed,4.0,2.0,5.0,3.0,3.0,2.0,2.0,2.0,2.0,3.0,3.0,2.0,2.0,2.0,2.0,2.0,0.0
grumblystiffnessuntainted,2022-01-04,Completed,3.0,3.0,2.0,3.0,2.0,1.0,1.0,1.0,2.0,3.0,2.0,3.0,2.0,2.0,2.0,2.0,0.0
grumblystiffnessuntainted,2022-01-05,Completed,5.0,3.0,4.0,3.0,3.0,2.0,4.0,3.0,3.0,2.0,3.0,2.0,2.0,3.0,2.0,2.0,0.0
grumblystiffnessuntainted,2022-01-06,Completed,4.0,4.0,3.0,2.0,2.0,2.0,2.0,2.0,2.0,2.0,3.0,2.0,2.0,2.0,2.0,2.0,0.0
grumblystiffnessuntainted,2022-01-07,NeverStarted,-1.0,-1.0,-1.0,-1.0,-1.0,-1.0,-1.0,-1.0,-1.0,-1.0,-1.0,-1.0,-1.0,-1.0,-1.0,-1.0,-1.0
grumblystiffnessuntainted,2022-01-08,Completed,4.0,3.0,4.0,2.0,3.0,2.0,2.0,1.0,1.0,3.0,3.0,2.0,2.0,3.0,3.0,2.0,0.0
grumblystiffnessuntainted,2022-01-09,Completed,5.0,2.0,3.0,2.0,2.0,2.0,2.0,2.0,2.0,3.0,2.0,2.0,2.0,2.0,2.0,2.0,0.0
grumblystiffnessuntainted,2022-01-10,Completed,4.0,3.0,2.0,2.0,2.0,2.0,2.0,2.0,2.0,3.0,2.0,2.0,1.0,3.0,2.0,2.0,0.0
grumblystiffnessuntainted,2022-01-11,Completed,2.0,2.0,2.0,2.0,2.0,1.0,1.0,3.0,2.0,2.0,2.0,2.0,2.0,2.0,2.0,2.0,0.0
grumblystiffnessuntainted,2022-01-11,Completed,3.0,2.0,3.0,1.0,2.0,2.0,2.0,2.0,2.0,3.0,2.0,3.0,2.0,2.0,2.0,2.0,0.0
grumblystiffnessuntainted,2022-01-12,Completed,4.0,2.0,2.0,2.0,2.0,2.0,2.0,2.0,2.0,3.0,3.0,2.0,2.0,2.0,2.0,2.0,0.0
grumblystiffnessuntainted,2022-01-13,NeverStarted,-1.0,-1.0,-1.0,-1.0,-1.0,-1.0,-1.0,-1.0,-1.0,-1.0,-1.0,-1.0,-1.0,-1.0,-1.0,-1.0,-1.0
grumblystiffnessuntainted,2022-01-14,Completed,2.0,4.0,3.0,2.0,2.0,2.0,2.0,2.0,2.0,3.0,2.0,2.0,2.0,2.0,2.0,2.0,0.0
grumblystiffnessuntainted,2022-01-15,Completed,2.0,4.0,4.0,3.0,4.0,2.0,2.0,2.0,2.0,3.0,2.0,2.0,2.0,3.0,2.0,2.0,0.0
grumblystiffnessuntainted,2022-01-16,Completed,3.0,2.0,2.0,2.0,2.0,2.0,2.0,2.0,2.0,2.0,2.0,2.0,2.0,2.0,2.0,2.0,0.0
grumblystiffnessuntainted,2022-01-17,Completed,2.0,3.0,2.0,2.0,3.0,2.0,2.0,2.0,3.0,2.0,2.0,2.0,3.0,2.0,2.0,2.0,0.0
grumblystiffnessuntainted,2022-01-18,Completed,3.0,2.0,3.0,2.0,2.0,2.0,2.0,2.0,2.0,3.0,1.0,2.0,3.0,2.0,2.0,2.0,0.0
grumblystiffnessuntainted,2022-01-19,Completed,3.0,2.0,3.0,2.0,2.0,2.0,2.0,2.0,2.0,3.0,3.0,2.0,2.0,2.0,3.0,2.0,0.0
grumblystiffnessuntainted,2022-01-20,Completed,4.0,2.0,3.0,3.0,3.0,3.0,2.0,3.0,2.0,3.0,2.0,3.0,2.0,3.0,2.0,2.0,0.0
grumblystiffnessuntainted,2022-01-21,Completed,3.0,3.0,2.0,2.0,2.0,2.0,2.0,2.0,2.0,3.0,2.0,2.0,2.0,2.0,2.0,2.0,0.0
grumblystiffnessuntainted,2022-01-22,Completed,3.0,3.0,2.0,3.0,3.0,2.0,2.0,2.0,2.0,3.0,2.0,3.0,2.0,2.0,3.0,-1.0,0.0
grumblystiffnessuntainted,2022-01-23,Completed,4.0,3.0,3.0,4.0,3.0,2.0,2.0,2.0,2.0,4.0,1.0,3.0,2.0,3.0,2.0,2.0,0.0
grumblystiffnessuntainted,2022-01-24,NeverStarted,-1.0,-1.0,-1.0,-1.0,-1.0,-1.0,-1.0,-1.0,-1.0,-1.0,-1.0,-1.0,-1.0,-1.0,-1.0,-1.0,-1.0
grumblystiffnessuntainted,2022-01-24,Completed,4.0,2.0,3.0,4.0,3.0,2.0,2.0,2.0,2.0,3.0,4.0,2.0,3.0,2.0,2.0,2.0,0.0
